switches_ok,always0,always1,quantiles_v_star,quantiles_action_rate,error
1662,572,80,-4,0,-1.38590089706601e-05
1662,572,80,1.22,0,-2.3906617994251e-05
1662,572,80,3.11333333333333,0.000904191356695437,-2.737593322107e-05
1662,572,80,Inf,0.10082833257967,-2.891956740502e-05
1662,572,80,Inf,0.999937545753028,-2.98053684794298e-05
1662,572,80,-4,0,-3.02982086523409e-05
1662,572,80,1.22,0,-3.06120815292998e-05
1662,572,80,3.11333333333333,0.000904191356695437,0
1662,572,80,Inf,0.10082833257967,0
1662,572,80,Inf,0.999937545753028,0
1662,572,80,-4,0,0
1662,572,80,1.22,0,0
1662,572,80,3.11333333333333,0.000904191356695437,0
1662,572,80,Inf,0.10082833257967,0
1662,572,80,Inf,0.999937545753028,0
1662,572,80,-4,0,0
1662,572,80,1.22,0,0
1662,572,80,3.11333333333333,0.000904191356695437,0
1662,572,80,Inf,0.10082833257967,0
1662,572,80,Inf,0.999937545753028,0
1662,572,80,-4,0,0
1662,572,80,1.22,0,0
1662,572,80,3.11333333333333,0.000904191356695437,0
1662,572,80,Inf,0.10082833257967,0
1662,572,80,Inf,0.999937545753028,0
1662,572,80,-4,0,0
1662,572,80,1.22,0,0
1662,572,80,3.11333333333333,0.000904191356695437,0
1662,572,80,Inf,0.10082833257967,0
1662,572,80,Inf,0.999937545753028,0
1662,572,80,-4,0,0
1662,572,80,1.22,0,0
1662,572,80,3.11333333333333,0.000904191356695437,0
1662,572,80,Inf,0.10082833257967,0
1662,572,80,Inf,0.999937545753028,0
1662,572,80,-4,0,0
1662,572,80,1.22,0,0
1662,572,80,3.11333333333333,0.000904191356695437,0
1662,572,80,Inf,0.10082833257967,0
1662,572,80,Inf,0.999937545753028,0
1662,572,80,-4,0,0
1662,572,80,1.22,0,-7.58239684176031e-06
1662,572,80,3.11333333333333,0.000904191356695437,-2.1378063143169e-05
1662,572,80,Inf,0.10082833257967,-2.5951359988034e-05
1662,572,80,Inf,0.999937545753028,-2.8167677618012e-05
1662,572,80,-4,0,-2.9275410809699e-05
1662,572,80,1.22,0,-2.99709879153863e-05
1662,572,80,3.11333333333333,0.000904191356695437,-3.03882984971389e-05
1662,572,80,Inf,0.10082833257967,-3.06585602272222e-05
1662,572,80,Inf,0.999937545753028,0
1662,572,80,-4,0,0
1662,572,80,1.22,0,0
1662,572,80,3.11333333333333,0.000904191356695437,0
1662,572,80,Inf,0.10082833257967,0
1662,572,80,Inf,0.999937545753028,0
1662,572,80,-4,0,0
1662,572,80,1.22,0,0
1662,572,80,3.11333333333333,0.000904191356695437,0
1662,572,80,Inf,0.10082833257967,0
1662,572,80,Inf,0.999937545753028,0
1662,572,80,-4,0,0
1662,572,80,1.22,0,0
1662,572,80,3.11333333333333,0.000904191356695437,0
1662,572,80,Inf,0.10082833257967,0
1662,572,80,Inf,0.999937545753028,0
1662,572,80,-4,0,0
1662,572,80,1.22,0,0
1662,572,80,3.11333333333333,0.000904191356695437,0
1662,572,80,Inf,0.10082833257967,0
1662,572,80,Inf,0.999937545753028,0
1662,572,80,-4,0,0
1662,572,80,1.22,0,0
1662,572,80,3.11333333333333,0.000904191356695437,0
1662,572,80,Inf,0.10082833257967,0
1662,572,80,Inf,0.999937545753028,0
1662,572,80,-4,0,0
1662,572,80,1.22,0,0
1662,572,80,3.11333333333333,0.000904191356695437,0
1662,572,80,Inf,0.10082833257967,0
1662,572,80,Inf,0.999937545753028,0
1662,572,80,-4,0,0
1662,572,80,1.22,0,0
1662,572,80,3.11333333333333,0.000904191356695437,
1662,572,80,Inf,0.10082833257967,-1.78225136656001e-05
1662,572,80,Inf,0.999937545753028,-2.4215403514021e-05
1662,572,80,-4,0,-2.7104209767483e-05
1662,572,80,1.22,0,-2.8629789716726e-05
1662,572,80,3.11333333333333,0.000904191356695437,-2.95393365015122e-05
1662,572,80,Inf,0.10082833257967,-3.0090390467489e-05
1662,572,80,Inf,0.999937545753028,-3.04504467728221e-05
1662,572,80,-4,0,-3.07017367302169e-05
1662,572,80,1.22,0,0
1662,572,80,3.11333333333333,0.000904191356695437,0
1662,572,80,Inf,0.10082833257967,0
1662,572,80,Inf,0.999937545753028,0
1662,572,80,-4,0,0
1662,572,80,1.22,0,0
1662,572,80,3.11333333333333,0.000904191356695437,0
1662,572,80,Inf,0.10082833257967,0
1662,572,80,Inf,0.999937545753028,0
1662,572,80,-4,0,0
1662,572,80,1.22,0,0
1662,572,80,3.11333333333333,0.000904191356695437,0
1662,572,80,Inf,0.10082833257967,0
1662,572,80,Inf,0.999937545753028,0
1662,572,80,-4,0,0
1662,572,80,1.22,0,0
1662,572,80,3.11333333333333,0.000904191356695437,0
1662,572,80,Inf,0.10082833257967,0
1662,572,80,Inf,0.999937545753028,0
1662,572,80,-4,0,0
1662,572,80,1.22,0,0
1662,572,80,3.11333333333333,0.000904191356695437,0
1662,572,80,Inf,0.10082833257967,0
1662,572,80,Inf,0.999937545753028,0
1662,572,80,-4,0,0
1662,572,80,1.22,0,0
1662,572,80,3.11333333333333,0.000904191356695437,0
1662,572,80,Inf,0.10082833257967,0
1662,572,80,Inf,0.999937545753028,0
1662,572,80,-4,0,0
1662,572,80,1.22,0,0
1662,572,80,3.11333333333333,0.000904191356695437,0
1662,572,80,Inf,0.10082833257967,
1662,572,80,Inf,0.999937545753028,-1.28087779005101e-05
1662,572,80,-4,0,-2.1581808306309e-05
1662,572,80,1.22,0,-2.5589657879202e-05
1662,572,80,3.11333333333333,0.000904191356695437,-2.7712767762873e-05
1662,572,80,Inf,0.10082833257967,-2.891956740502e-05
1662,572,80,Inf,0.999937545753028,-2.96965080351006e-05
1662,572,80,-4,0,-3.01729252765996e-05
1662,572,80,1.22,0,-3.05082781000613e-05
1662,572,80,3.11333333333333,0.000904191356695437,-3.07287944847076e-05
1662,572,80,Inf,0.10082833257967,0
1662,572,80,Inf,0.999937545753028,0
1662,572,80,-4,0,0
1662,572,80,1.22,0,0
1662,572,80,3.11333333333333,0.000904191356695437,0
1662,572,80,Inf,0.10082833257967,0
1662,572,80,Inf,0.999937545753028,0
1662,572,80,-4,0,0
1662,572,80,1.22,0,0
1662,572,80,3.11333333333333,0.000904191356695437,0
1662,572,80,Inf,0.10082833257967,0
1662,572,80,Inf,0.999937545753028,0
1662,572,80,-4,0,0
1662,572,80,1.22,0,0
1662,572,80,3.11333333333333,0.000904191356695437,0
1662,572,80,Inf,0.10082833257967,0
1662,572,80,Inf,0.999937545753028,0
1662,572,80,-4,0,0
1662,572,80,1.22,0,0
1662,572,80,3.11333333333333,0.000904191356695437,0
1662,572,80,Inf,0.10082833257967,0
1662,572,80,Inf,0.999937545753028,0
1662,572,80,-4,0,0
1662,572,80,1.22,0,0
1662,572,80,3.11333333333333,0.000904191356695437,0
1662,572,80,Inf,0.10082833257967,0
1662,572,80,Inf,0.999937545753028,0
1662,572,80,-4,0,0
1662,572,80,1.22,0,0
1662,572,80,3.11333333333333,0.000904191356695437,0
1662,572,80,Inf,0.10082833257967,0
1662,572,80,Inf,0.999937545753028,
1662,572,80,-4,0,-5.73197044361016e-06
1662,572,80,1.22,0,-1.809105716105e-05
1662,572,80,3.11333333333333,0.000904191356695437,-2.3585592645566e-05
1662,572,80,Inf,0.10082833257967,-2.6400793911895e-05
1662,572,80,Inf,0.999937545753028,-2.8095822226271e-05
1662,572,80,-4,0,-2.912961160224e-05
1662,572,80,1.22,0,-2.98053684794298e-05
1662,572,80,3.11333333333333,0.000904191356695437,-3.02498584642891e-05
1662,572,80,Inf,0.10082833257967,-3.05445714246592e-05
1662,572,80,Inf,0.999937545753028,-3.0754542770128e-05
1662,572,80,-4,0,0
1662,572,80,1.22,0,0
1662,572,80,3.11333333333333,0.000904191356695437,0
1662,572,80,Inf,0.10082833257967,0
1662,572,80,Inf,0.999937545753028,0
1662,572,80,-4,0,0
1662,572,80,1.22,0,0
1662,572,80,3.11333333333333,0.000904191356695437,0
1662,572,80,Inf,0.10082833257967,0
1662,572,80,Inf,0.999937545753028,0
1662,572,80,-4,0,0
1662,572,80,1.22,0,0
1662,572,80,3.11333333333333,0.000904191356695437,0
1662,572,80,Inf,0.10082833257967,0
1662,572,80,Inf,0.999937545753028,0
1662,572,80,-4,0,0
1662,572,80,1.22,0,0
1662,572,80,3.11333333333333,0.000904191356695437,0
1662,572,80,Inf,0.10082833257967,0
1662,572,80,Inf,0.999937545753028,0
1662,572,80,-4,0,0
1662,572,80,1.22,0,0
1662,572,80,3.11333333333333,0.000904191356695437,0
1662,572,80,Inf,0.10082833257967,0
1662,572,80,Inf,0.999937545753028,0
1662,572,80,-4,0,0
1662,572,80,1.22,0,0
1662,572,80,3.11333333333333,0.000904191356695437,0
1662,572,80,Inf,0.10082833257967,0
1662,572,80,Inf,0.999937545753028,0
1662,572,80,-4,0,
1662,572,80,1.22,0,4.24529446294009e-06
1662,572,80,3.11333333333333,0.000904191356695437,-1.316492522907e-05
1662,572,80,Inf,0.10082833257967,-2.0743434942806e-05
1662,572,80,Inf,0.999937545753028,-2.4656523370145e-05
1662,572,80,-4,0,-2.6913450186092e-05
1662,572,80,1.22,0,-2.8374261753339e-05
1662,572,80,3.11333333333333,0.000904191356695437,-2.9275410809699e-05
1662,572,80,Inf,0.10082833257967,-2.98739067152311e-05
1662,572,80,Inf,0.999937545753028,-3.02982086523409e-05
1662,572,80,-4,0,-3.05791475656384e-05
1662,572,80,1.22,0,-3.07669443130487e-05
1662,572,80,3.11333333333333,0.000904191356695437,0
1662,572,80,Inf,0.10082833257967,0
1662,572,80,Inf,0.999937545753028,0
1662,572,80,-4,0,0
1662,572,80,1.22,0,0
1662,572,80,3.11333333333333,0.000904191356695437,0
1662,572,80,Inf,0.10082833257967,0
1662,572,80,Inf,0.999937545753028,0
1662,572,80,-4,0,0
1662,572,80,1.22,0,0
1662,572,80,3.11333333333333,0.000904191356695437,0
1662,572,80,Inf,0.10082833257967,0
1662,572,80,Inf,0.999937545753028,0
1662,572,80,-4,0,0
1662,572,80,1.22,0,0
1662,572,80,3.11333333333333,0.000904191356695437,0
1662,572,80,Inf,0.10082833257967,0
1662,572,80,Inf,0.999937545753028,0
1662,572,80,-4,0,0
1662,572,80,1.22,0,0
1662,572,80,3.11333333333333,0.000904191356695437,0
1662,572,80,Inf,0.10082833257967,0
1662,572,80,Inf,0.999937545753028,0
1662,572,80,-4,0,0
1662,572,80,1.22,0,0
1662,572,80,3.11333333333333,0.000904191356695437,0
1662,572,80,Inf,0.10082833257967,0
1662,572,80,Inf,0.999937545753028,0
1662,572,80,-4,0,0
1662,572,80,1.22,0,
1662,572,80,3.11333333333333,0.000904191356695437,1.82617784826901e-05
1662,572,80,Inf,0.10082833257967,-6.20606115142022e-06
1662,572,80,Inf,0.999937545753028,-1.669876540796e-05
1662,572,80,-4,0,-2.21705172115359e-05
1662,572,80,1.22,0,-2.533615834306e-05
1662,572,80,3.11333333333333,0.000904191356695437,-2.728723405294e-05
1662,572,80,Inf,0.10082833257967,-2.8504780461777e-05
1662,572,80,Inf,0.999937545753028,-2.9367348760973e-05
1662,572,80,-4,0,-2.99393698982756e-05
1662,572,80,1.22,0,-3.03215395363083e-05
1662,572,80,3.11333333333333,0.000904191356695437,-3.05958152483003e-05
1662,572,80,Inf,0.10082833257967,0
1662,572,80,Inf,0.999937545753028,0
1662,572,80,-4,0,0
1662,572,80,1.22,0,0
1662,572,80,3.11333333333333,0.000904191356695437,0
1662,572,80,Inf,0.10082833257967,0
1662,572,80,Inf,0.999937545753028,0
1662,572,80,-4,0,0
1662,572,80,1.22,0,0
1662,572,80,3.11333333333333,0.000904191356695437,0
1662,572,80,Inf,0.10082833257967,0
1662,572,80,Inf,0.999937545753028,0
1662,572,80,-4,0,0
1662,572,80,1.22,0,0
1662,572,80,3.11333333333333,0.000904191356695437,0
1662,572,80,Inf,0.10082833257967,0
1662,572,80,Inf,0.999937545753028,0
1662,572,80,-4,0,0
1662,572,80,1.22,0,0
1662,572,80,3.11333333333333,0.000904191356695437,0
1662,572,80,Inf,0.10082833257967,0
1662,572,80,Inf,0.999937545753028,0
1662,572,80,-4,0,0
1662,572,80,1.22,0,0
1662,572,80,3.11333333333333,0.000904191356695437,0
1662,572,80,Inf,0.10082833257967,0
1662,572,80,Inf,0.999937545753028,0
1662,572,80,-4,0,0
1662,572,80,1.22,0,0
1662,572,80,3.11333333333333,0.000904191356695437,
1662,572,80,Inf,0.10082833257967,
1662,572,80,Inf,0.999937545753028,3.61353466866001e-06
1662,572,80,-4,0,-1.09334275101099e-05
1662,572,80,1.22,0,-1.861379408999e-05
1662,572,80,3.11333333333333,0.000904191356695437,-2.3080182801918e-05
1662,572,80,Inf,0.10082833257967,-2.5712654754729e-05
1662,572,80,Inf,0.999937545753028,-2.7462802802102e-05
1662,572,80,-4,0,-2.8629789716726e-05
1662,572,80,1.22,0,-2.9455270881013e-05
1662,572,80,3.11333333333333,0.000904191356695437,-2.99709879153863e-05
1662,572,80,Inf,0.10082833257967,-3.03443236717894e-05
1662,572,80,Inf,0.999937545753028,-3.06120815292998e-05
1662,572,80,-4,0,0
1662,572,80,1.22,0,0
1662,572,80,3.11333333333333,0.000904191356695437,0
1662,572,80,Inf,0.10082833257967,0
1662,572,80,Inf,0.999937545753028,0
1662,572,80,-4,0,0
1662,572,80,1.22,0,0
1662,572,80,3.11333333333333,0.000904191356695437,0
1662,572,80,Inf,0.10082833257967,0
1662,572,80,Inf,0.999937545753028,0
1662,572,80,-4,0,0
1662,572,80,1.22,0,0
1662,572,80,3.11333333333333,0.000904191356695437,0
1662,572,80,Inf,0.10082833257967,0
1662,572,80,Inf,0.999937545753028,0
1662,572,80,-4,0,0
1662,572,80,1.22,0,0
1662,572,80,3.11333333333333,0.000904191356695437,0
1662,572,80,Inf,0.10082833257967,0
1662,572,80,Inf,0.999937545753028,0
1662,572,80,-4,0,0
1662,572,80,1.22,0,0
1662,572,80,3.11333333333333,0.000904191356695437,0
1662,572,80,Inf,0.10082833257967,0
1662,572,80,Inf,0.999937545753028,0
1662,572,80,-4,0,0
1662,572,80,1.22,0,0
1662,572,80,3.11333333333333,0.000904191356695437,0
1662,572,80,Inf,0.10082833257967,
1662,572,80,Inf,0.999937545753028,
1662,572,80,-4,0,1.82617784826901e-05
1662,572,80,1.22,0,-3.2419833837301e-06
1662,572,80,3.11333333333333,0.000904191356695437,-1.38590089706601e-05
1662,572,80,Inf,0.10082833257967,-1.9840290138714e-05
1662,572,80,Inf,0.999937545753028,-2.3585592645566e-05
1662,572,80,-4,0,-2.6067153376677e-05
1662,572,80,1.22,0,-2.763118721942e-05
1662,572,80,3.11333333333333,0.000904191356695437,-2.8749499087251e-05
1662,572,80,Inf,0.10082833257967,-2.9497776013666e-05
1662,572,80,Inf,0.999937545753028,-3.00018840765323e-05
1662,572,80,-4,0,-3.03665728152673e-05
1662,572,80,1.22,0,-3.06279553239454e-05
1662,572,80,3.11333333333333,0.000904191356695437,0
1662,572,80,Inf,0.10082833257967,0
1662,572,80,Inf,0.999937545753028,0
1662,572,80,-4,0,0
1662,572,80,1.22,0,0
1662,572,80,3.11333333333333,0.000904191356695437,0
1662,572,80,Inf,0.10082833257967,0
1662,572,80,Inf,0.999937545753028,0
1662,572,80,-4,0,0
1662,572,80,1.22,0,0
1662,572,80,3.11333333333333,0.000904191356695437,0
1662,572,80,Inf,0.10082833257967,0
1662,572,80,Inf,0.999937545753028,0
1662,572,80,-4,0,0
1662,572,80,1.22,0,0
1662,572,80,3.11333333333333,0.000904191356695437,0
1662,572,80,Inf,0.10082833257967,0
1662,572,80,Inf,0.999937545753028,0
1662,572,80,-4,0,0
1662,572,80,1.22,0,0
1662,572,80,3.11333333333333,0.000904191356695437,0
1662,572,80,Inf,0.10082833257967,0
1662,572,80,Inf,0.999937545753028,0
1662,572,80,-4,0,0
1662,572,80,1.22,0,0
1662,572,80,3.11333333333333,0.000904191356695437,0
1662,572,80,Inf,0.10082833257967,0
1662,572,80,Inf,0.999937545753028,
1662,572,80,-4,0,
1662,572,80,1.22,0,3.89573178558407e-05
1662,572,80,3.11333333333333,0.000904191356695437,8.24696453312953e-06
1662,572,80,Inf,0.10082833257967,-6.67242733302974e-06
1662,572,80,Inf,0.999937545753028,-1.54920034100001e-05
1662,572,80,-4,0,-2.0743434942806e-05
1662,572,80,1.22,0,-2.40625149189101e-05
1662,572,80,3.11333333333333,0.000904191356695437,-2.6180629605389e-05
1662,572,80,Inf,0.10082833257967,-2.7712767762873e-05
1662,572,80,Inf,0.999937545753028,-2.8807429920298e-05
1662,572,80,-4,0,-2.9497776013666e-05
1662,572,80,1.22,0,-3.00018840765323e-05
1662,572,80,3.11333333333333,0.000904191356695437,-3.03665728152673e-05
1662,572,80,Inf,0.10082833257967,-3.06279553239454e-05
1662,572,80,Inf,0.999937545753028,0
1662,572,80,-4,0,0
1662,572,80,1.22,0,0
1662,572,80,3.11333333333333,0.000904191356695437,0
1662,572,80,Inf,0.10082833257967,0
1662,572,80,Inf,0.999937545753028,0
1662,572,80,-4,0,0
1662,572,80,1.22,0,0
1662,572,80,3.11333333333333,0.000904191356695437,0
1662,572,80,Inf,0.10082833257967,0
1662,572,80,Inf,0.999937545753028,0
1662,572,80,-4,0,0
1662,572,80,1.22,0,0
1662,572,80,3.11333333333333,0.000904191356695437,0
1662,572,80,Inf,0.10082833257967,0
1662,572,80,Inf,0.999937545753028,0
1662,572,80,-4,0,0
1662,572,80,1.22,0,0
1662,572,80,3.11333333333333,0.000904191356695437,0
1662,572,80,Inf,0.10082833257967,0
1662,572,80,Inf,0.999937545753028,0
1662,572,80,-4,0,0
1662,572,80,1.22,0,0
1662,572,80,3.11333333333333,0.000904191356695437,0
1662,572,80,Inf,0.10082833257967,0
1662,572,80,Inf,0.999937545753028,0
1662,572,80,-4,0,
1662,572,80,1.22,0,
1662,572,80,3.11333333333333,0.000904191356695437,7.09201885734992e-05
1662,572,80,Inf,0.10082833257967,2.54378357788998e-05
1662,572,80,Inf,0.999937545753028,3.61353466866001e-06
1662,572,80,-4,0,-8.89196018272979e-06
1662,572,80,1.22,0,-1.64050531497699e-05
1662,572,80,3.11333333333333,0.000904191356695437,-2.1170461092914e-05
1662,572,80,Inf,0.10082833257967,-2.4215403514021e-05
1662,572,80,Inf,0.999937545753028,-2.6291829657055e-05
1662,572,80,-4,0,-2.7792650145994e-05
1662,572,80,1.22,0,-2.8807429920298e-05
1662,572,80,3.11333333333333,0.000904191356695437,-2.9497776013666e-05
1662,572,80,Inf,0.10082833257967,-3.00320734243833e-05
1662,572,80,Inf,0.999937545753028,-3.03665728152673e-05
1662,572,80,-4,0,-3.06279553239454e-05
1662,572,80,1.22,0,0
1662,572,80,3.11333333333333,0.000904191356695437,0
1662,572,80,Inf,0.10082833257967,0
1662,572,80,Inf,0.999937545753028,0
1662,572,80,-4,0,0
1662,572,80,1.22,0,0
1662,572,80,3.11333333333333,0.000904191356695437,0
1662,572,80,Inf,0.10082833257967,0
1662,572,80,Inf,0.999937545753028,0
1662,572,80,-4,0,0
1662,572,80,1.22,0,0
1662,572,80,3.11333333333333,0.000904191356695437,0
1662,572,80,Inf,0.10082833257967,0
1662,572,80,Inf,0.999937545753028,0
1662,572,80,-4,0,0
1662,572,80,1.22,0,0
1662,572,80,3.11333333333333,0.000904191356695437,0
1662,572,80,Inf,0.10082833257967,0
1662,572,80,Inf,0.999937545753028,0
1662,572,80,-4,0,0
1662,572,80,1.22,0,0
1662,572,80,3.11333333333333,0.000904191356695437,0
1662,572,80,Inf,0.10082833257967,0
1662,572,80,Inf,0.999937545753028,0
1662,572,80,-4,0,0
1662,572,80,1.22,0,-3.07830051390345e-05
1662,572,80,3.11333333333333,0.000904191356695437,
1662,572,80,Inf,0.10082833257967,0.000117794370288898
1662,572,80,Inf,0.999937545753028,5.109240242363e-05
1662,572,80,-4,0,1.82617784826901e-05
1662,572,80,1.22,0,5.98330563480326e-07
1662,572,80,3.11333333333333,0.000904191356695437,-1.01374309252199e-05
1662,572,80,Inf,0.10082833257967,-1.698729039798e-05
1662,572,80,Inf,0.999937545753028,-2.1378063143169e-05
1662,572,80,-4,0,-2.43653345307721e-05
1662,572,80,1.22,0,-2.6400793911895e-05
1662,572,80,3.11333333333333,0.000904191356695437,-2.7792650145994e-05
1662,572,80,Inf,0.10082833257967,-2.8807429920298e-05
1662,572,80,Inf,0.999937545753028,-2.9497776013666e-05
1662,572,80,-4,0,-3.00018840765323e-05
1662,572,80,1.22,0,-3.03665728152673e-05
1662,572,80,3.11333333333333,0.000904191356695437,-3.06279553239454e-05
1662,572,80,Inf,0.10082833257967,0
1662,572,80,Inf,0.999937545753028,0
1662,572,80,-4,0,0
1662,572,80,1.22,0,0
1662,572,80,3.11333333333333,0.000904191356695437,0
1662,572,80,Inf,0.10082833257967,0
1662,572,80,Inf,0.999937545753028,0
1662,572,80,-4,0,0
1662,572,80,1.22,0,0
1662,572,80,3.11333333333333,0.000904191356695437,0
1662,572,80,Inf,0.10082833257967,0
1662,572,80,Inf,0.999937545753028,0
1662,572,80,-4,0,0
1662,572,80,1.22,0,0
1662,572,80,3.11333333333333,0.000904191356695437,0
1662,572,80,Inf,0.10082833257967,0
1662,572,80,Inf,0.999937545753028,0
1662,572,80,-4,0,0
1662,572,80,1.22,0,0
1662,572,80,3.11333333333333,0.000904191356695437,0
1662,572,80,Inf,0.10082833257967,0
1662,572,80,Inf,0.999937545753028,0
1662,572,80,-4,0,0
1662,572,80,1.22,0,0
1662,572,80,3.11333333333333,0.000904191356695437,-3.07830051390345e-05
1662,572,80,Inf,0.10082833257967,
1662,572,80,Inf,0.999937545753028,0.000193554213666201
1662,572,80,-4,0,8.90583738517997e-05
1662,572,80,1.22,0,4.00998682379399e-05
1662,572,80,3.11333333333333,0.000904191356695437,1.41802389817996e-05
1662,572,80,Inf,0.10082833257967,-1.10011990000006e-06
1662,572,80,Inf,0.999937545753028,-1.09334275101099e-05
1662,572,80,-4,0,-1.698729039798e-05
1662,572,80,1.22,0,-2.1378063143169e-05
1662,572,80,3.11333333333333,0.000904191356695437,-2.4215403514021e-05
1662,572,80,Inf,0.10082833257967,-2.6291829657055e-05
1662,572,80,Inf,0.999937545753028,-2.7712767762873e-05
1662,572,80,-4,0,-2.8749499087251e-05
1662,572,80,1.22,0,-2.9455270881013e-05
1662,572,80,3.11333333333333,0.000904191356695437,-3.00018840765323e-05
1662,572,80,Inf,0.10082833257967,-3.03443236717894e-05
1662,572,80,Inf,0.999937545753028,-3.06120815292998e-05
1662,572,80,-4,0,0
1662,572,80,1.22,0,0
1662,572,80,3.11333333333333,0.000904191356695437,0
1662,572,80,Inf,0.10082833257967,0
1662,572,80,Inf,0.999937545753028,0
1662,572,80,-4,0,0
1662,572,80,1.22,0,0
1662,572,80,3.11333333333333,0.000904191356695437,0
1662,572,80,Inf,0.10082833257967,0
1662,572,80,Inf,0.999937545753028,0
1662,572,80,-4,0,0
1662,572,80,1.22,0,0
1662,572,80,3.11333333333333,0.000904191356695437,0
1662,572,80,Inf,0.10082833257967,0
1662,572,80,Inf,0.999937545753028,0
1662,572,80,-4,0,0
1662,572,80,1.22,0,0
1662,572,80,3.11333333333333,0.000904191356695437,0
1662,572,80,Inf,0.10082833257967,0
1662,572,80,Inf,0.999937545753028,0
1662,572,80,-4,0,0
1662,572,80,1.22,0,0
1662,572,80,3.11333333333333,0.000904191356695437,0
1662,572,80,Inf,0.10082833257967,-3.07830051390345e-05
1662,572,80,Inf,0.999937545753028,
1662,572,80,-4,0,
1662,572,80,1.22,0,0.000146751088679099
1662,572,80,3.11333333333333,0.000904191356695437,7.40435170654003e-05
1662,572,80,Inf,0.10082833257967,3.453799183494e-05
1662,572,80,Inf,0.999937545753028,1.26298386078803e-05
1662,572,80,-4,0,-1.64851228921011e-06
1662,572,80,1.22,0,-1.09334275101099e-05
1662,572,80,3.11333333333333,0.000904191356695437,-1.698729039798e-05
1662,572,80,Inf,0.10082833257967,-2.1170461092914e-05
1662,572,80,Inf,0.999937545753028,-2.40625149189101e-05
1662,572,80,-4,0,-2.6180629605389e-05
1662,572,80,1.22,0,-2.763118721942e-05
1662,572,80,3.11333333333333,0.000904191356695437,-2.8690294060308e-05
1662,572,80,Inf,0.10082833257967,-2.9411801710053e-05
1662,572,80,Inf,0.999937545753028,-2.99709879153863e-05
1662,572,80,-4,0,-3.03443236717894e-05
1662,572,80,1.22,0,-3.05958152483003e-05
1662,572,80,3.11333333333333,0.000904191356695437,0
1662,572,80,Inf,0.10082833257967,0
1662,572,80,Inf,0.999937545753028,0
1662,572,80,-4,0,0
1662,572,80,1.22,0,0
1662,572,80,3.11333333333333,0.000904191356695437,0
1662,572,80,Inf,0.10082833257967,0
1662,572,80,Inf,0.999937545753028,0
1662,572,80,-4,0,0
1662,572,80,1.22,0,0
1662,572,80,3.11333333333333,0.000904191356695437,0
1662,572,80,Inf,0.10082833257967,0
1662,572,80,Inf,0.999937545753028,0
1662,572,80,-4,0,0
1662,572,80,1.22,0,0
1662,572,80,3.11333333333333,0.000904191356695437,0
1662,572,80,Inf,0.10082833257967,0
1662,572,80,Inf,0.999937545753028,0
1662,572,80,-4,0,0
1662,572,80,1.22,0,0
1662,572,80,3.11333333333333,0.000904191356695437,0
1662,572,80,Inf,0.10082833257967,0
1662,572,80,Inf,0.999937545753028,-3.07830051390345e-05
1662,572,80,-4,0,-3.07830051390345e-05
1662,572,80,1.22,0,
1662,572,80,3.11333333333333,0.000904191356695437,0.000242071586716797
1662,572,80,Inf,0.10082833257967,0.000126288973279699
1662,572,80,Inf,0.999937545753028,6.63755455528013e-05
1662,572,80,-4,0,3.24168290703796e-05
1662,572,80,1.22,0,1.18717309773794e-05
1662,572,80,3.11333333333333,0.000904191356695437,-1.64851228921011e-06
1662,572,80,Inf,0.10082833257967,-1.05387975222701e-05
1662,572,80,Inf,0.999937545753028,-1.669876540796e-05
1662,572,80,-4,0,-2.09589395061359e-05
1662,572,80,1.22,0,-2.3906617994251e-05
1662,572,80,3.11333333333333,0.000904191356695437,-2.6067153376677e-05
1662,572,80,Inf,0.10082833257967,-2.7547876430966e-05
1662,572,80,Inf,0.999937545753028,-2.856796050954e-05
1662,572,80,-4,0,-2.9367348760973e-05
1662,572,80,1.22,0,-2.99070147015523e-05
1662,572,80,3.11333333333333,0.000904191356695437,-3.02982086523409e-05
1662,572,80,Inf,0.10082833257967,-3.05791475656384e-05
1662,572,80,Inf,0.999937545753028,-3.07790403280203e-05
1662,572,80,-4,0,0
1662,572,80,1.22,0,0
1662,572,80,3.11333333333333,0.000904191356695437,0
1662,572,80,Inf,0.10082833257967,0
1662,572,80,Inf,0.999937545753028,0
1662,572,80,-4,0,0
1662,572,80,1.22,0,0
1662,572,80,3.11333333333333,0.000904191356695437,0
1662,572,80,Inf,0.10082833257967,0
1662,572,80,Inf,0.999937545753028,0
1662,572,80,-4,0,0
1662,572,80,1.22,0,0
1662,572,80,3.11333333333333,0.000904191356695437,0
1662,572,80,Inf,0.10082833257967,0
1662,572,80,Inf,0.999937545753028,0
1662,572,80,-4,0,0
1662,572,80,1.22,0,0
1662,572,80,3.11333333333333,0.000904191356695437,0
1662,572,80,Inf,0.10082833257967,0
1662,572,80,Inf,0.999937545753028,0
1662,572,80,-4,0,-3.07830051390345e-05
1662,572,80,1.22,0,-3.07830051390345e-05
1662,572,80,3.11333333333333,0.000904191356695437,
1662,572,80,Inf,0.10082833257967,0.000405550944514499
1662,572,80,Inf,0.999937545753028,0.000210969625777199
1662,572,80,-4,0,0.000115726957156798
1662,572,80,1.22,0,6.34376393987002e-05
1662,572,80,3.11333333333333,0.000904191356695437,3.24168290703796e-05
1662,572,80,Inf,0.10082833257967,1.18717309773794e-05
1662,572,80,Inf,0.999937545753028,-1.10011990000006e-06
1662,572,80,-4,0,-9.72923304695022e-06
1662,572,80,1.22,0,-1.61060751260301e-05
1662,572,80,3.11333333333333,0.000904191356695437,-2.05238831660969e-05
1662,572,80,Inf,0.10082833257967,-2.3585592645566e-05
1662,572,80,Inf,0.999937545753028,-2.5833207849167e-05
1662,572,80,-4,0,-2.737593322107e-05
1662,572,80,1.22,0,-2.8504780461777e-05
1662,572,80,3.11333333333333,0.000904191356695437,-2.9275410809699e-05
1662,572,80,Inf,0.10082833257967,-2.98400300393375e-05
1662,572,80,Inf,0.999937545753028,-3.02743190345724e-05
1662,572,80,-4,0,-3.05445714246592e-05
1662,572,80,1.22,0,-3.0754542770128e-05
1662,572,80,3.11333333333333,0.000904191356695437,0
1662,572,80,Inf,0.10082833257967,0
1662,572,80,Inf,0.999937545753028,0
1662,572,80,-4,0,0
1662,572,80,1.22,0,0
1662,572,80,3.11333333333333,0.000904191356695437,0
1662,572,80,Inf,0.10082833257967,0
1662,572,80,Inf,0.999937545753028,0
1662,572,80,-4,0,0
1662,572,80,1.22,0,0
1662,572,80,3.11333333333333,0.000904191356695437,0
1662,572,80,Inf,0.10082833257967,0
1662,572,80,Inf,0.999937545753028,0
1662,572,80,-4,0,0
1662,572,80,1.22,0,0
1662,572,80,3.11333333333333,0.000904191356695437,0
1662,572,80,Inf,0.10082833257967,0
1662,572,80,Inf,0.999937545753028,0
1662,572,80,-4,0,0
1662,572,80,1.22,0,-3.07830051390345e-05
1662,572,80,3.11333333333333,0.000904191356695437,-3.07830051390345e-05
1662,572,80,Inf,0.10082833257967,-3.04957848110687e-05
1662,572,80,Inf,0.999937545753028,0.000717189054772999
1662,572,80,-4,0,0.000351125609204896
1662,572,80,1.22,0,0.000193554213666201
1662,572,80,3.11333333333333,0.000904191356695437,0.000111658725489298
1662,572,80,Inf,0.10082833257967,6.34376393987002e-05
1662,572,80,Inf,0.999937545753028,3.34701555003798e-05
1662,572,80,-4,0,1.33992978872e-05
1662,572,80,1.22,0,5.98330563480326e-07
1662,572,80,3.11333333333333,0.000904191356695437,-8.89196018272979e-06
1662,572,80,Inf,0.10082833257967,-1.51767483298499e-05
1662,572,80,Inf,0.999937545753028,-1.9840290138714e-05
1662,572,80,-4,0,-2.3080182801918e-05
1662,572,80,1.22,0,-2.5464173770438e-05
1662,572,80,3.11333333333333,0.000904191356695437,-2.7104209767483e-05
1662,572,80,Inf,0.10082833257967,-2.8306868938642e-05
1662,572,80,Inf,0.999937545753028,-2.9179291998857e-05
1662,572,80,-4,0,-2.97699055416533e-05
1662,572,80,1.22,0,-3.01991744037771e-05
1662,572,80,3.11333333333333,0.000904191356695437,-3.05266442163877e-05
1662,572,80,Inf,0.10082833257967,-3.07418285826272e-05
1662,572,80,Inf,0.999937545753028,0
1662,572,80,-4,0,0
1662,572,80,1.22,0,0
1662,572,80,3.11333333333333,0.000904191356695437,0
1662,572,80,Inf,0.10082833257967,0
1662,572,80,Inf,0.999937545753028,0
1662,572,80,-4,0,0
1662,572,80,1.22,0,0
1662,572,80,3.11333333333333,0.000904191356695437,0
1662,572,80,Inf,0.10082833257967,0
1662,572,80,Inf,0.999937545753028,0
1662,572,80,-4,0,0
1662,572,80,1.22,0,0
1662,572,80,3.11333333333333,0.000904191356695437,0
1662,572,80,Inf,0.10082833257967,0
1662,572,80,Inf,0.999937545753028,0
1662,572,80,-4,0,0
1662,572,80,1.22,0,0
1662,572,80,3.11333333333333,0.000904191356695437,-3.07830051390345e-05
1662,572,80,Inf,0.10082833257967,-3.07830051390345e-05
1662,572,80,Inf,0.999937545753028,-3.06924154670485e-05
1662,572,80,-4,0,0.000101237104509933
1662,572,80,1.22,0,0.000601439858524011
1662,572,80,3.11333333333333,0.000904191356695437,0.000327437563302696
1662,572,80,Inf,0.10082833257967,0.000190741378001499
1662,572,80,Inf,0.999937545753028,0.0001136817852266
1662,572,80,-4,0,6.63755455528013e-05
1662,572,80,1.22,0,3.67177697679407e-05
1662,572,80,3.11333333333333,0.000904191356695437,1.57770909572103e-05
1662,572,80,Inf,0.10082833257967,2.37908827158996e-06
1662,572,80,Inf,0.999937545753028,-7.58239684176031e-06
1662,572,80,-4,0,-1.419711927147e-05
1662,572,80,1.22,0,-1.911788216185e-05
1662,572,80,3.11333333333333,0.000904191356695437,-2.25448188397441e-05
1662,572,80,Inf,0.10082833257967,-2.5072353990742e-05
1662,572,80,Inf,0.999937545753028,-2.6815079847485e-05
1662,572,80,-4,0,-2.8095822226271e-05
1662,572,80,1.22,0,-2.9026899213776e-05
1662,572,80,3.11333333333333,0.000904191356695437,-2.96965080351006e-05
1662,572,80,Inf,0.10082833257967,-3.01460539153584e-05
1662,572,80,Inf,0.999937545753028,-3.04701895302088e-05
1662,572,80,-4,0,-3.07017367302169e-05
1662,572,80,1.22,0,0
1662,572,80,3.11333333333333,0.000904191356695437,0
1662,572,80,Inf,0.10082833257967,0
1662,572,80,Inf,0.999937545753028,0
1662,572,80,-4,0,0
1662,572,80,1.22,0,0
1662,572,80,3.11333333333333,0.000904191356695437,0
1662,572,80,Inf,0.10082833257967,0
1662,572,80,Inf,0.999937545753028,0
1662,572,80,-4,0,0
1662,572,80,1.22,0,0
1662,572,80,3.11333333333333,0.000904191356695437,0
1662,572,80,Inf,0.10082833257967,0
1662,572,80,Inf,0.999937545753028,0
1662,572,80,-4,0,0
1662,572,80,1.22,0,0
1662,572,80,3.11333333333333,0.000904191356695437,0
1662,572,80,Inf,0.10082833257967,-3.07830051390345e-05
1662,572,80,Inf,0.999937545753028,-3.07830051390345e-05
1662,572,80,-4,0,-3.07830051390345e-05
1662,572,80,1.22,0,2.51222340950097e-05
1662,572,80,3.11333333333333,0.000904191356695437,0.00108468385471
1662,572,80,Inf,0.10082833257967,0.000555764625227995
1662,572,80,Inf,0.999937545753028,0.000323579565732202
1662,572,80,-4,0,0.000196392577559303
1662,572,80,1.22,0,0.000119884152463098
1662,572,80,3.11333333333333,0.000904191356695437,7.24723986848998e-05
1662,572,80,Inf,0.10082833257967,4.12577968608302e-05
1662,572,80,Inf,0.999937545753028,1.99794034260398e-05
1662,572,80,-4,0,4.88690474585978e-06
1662,572,80,1.22,0,-5.2500513874898e-06
1662,572,80,3.11333333333333,0.000904191356695437,-1.28087779005101e-05
1662,572,80,Inf,0.10082833257967,-1.809105716105e-05
1662,572,80,Inf,0.999937545753028,-2.17817584458029e-05
1662,572,80,-4,0,-2.4512358026402e-05
1662,572,80,1.22,0,-2.6507562154519e-05
1662,572,80,3.11333333333333,0.000904191356695437,-2.7870865948839e-05
1662,572,80,Inf,0.10082833257967,-2.8864111262821e-05
1662,572,80,Inf,0.999937545753028,-2.95393365015122e-05
1662,572,80,-4,0,-3.00615707240113e-05
1662,572,80,1.22,0,-3.04095120262768e-05
1662,572,80,3.11333333333333,0.000904191356695437,-3.06733082874151e-05
1662,572,80,Inf,0.10082833257967,0
1662,572,80,Inf,0.999937545753028,0
1662,572,80,-4,0,0
1662,572,80,1.22,0,0
1662,572,80,3.11333333333333,0.000904191356695437,0
1662,572,80,Inf,0.10082833257967,0
1662,572,80,Inf,0.999937545753028,0
1662,572,80,-4,0,0
1662,572,80,1.22,0,0
1662,572,80,3.11333333333333,0.000904191356695437,0
1662,572,80,Inf,0.10082833257967,0
1662,572,80,Inf,0.999937545753028,0
1662,572,80,-4,0,0
1662,572,80,1.22,0,0
1662,572,80,3.11333333333333,0.000904191356695437,0
1662,572,80,Inf,0.10082833257967,0
1662,572,80,Inf,0.999937545753028,-3.07830051390345e-05
1662,572,80,-4,0,-3.07830051390345e-05
1662,572,80,1.22,0,-3.07830051390345e-05
1662,572,80,3.11333333333333,0.000904191356695437,4.03362008194463e-06
1662,572,80,Inf,0.10082833257967,0.000646469566929042
1662,572,80,Inf,0.999937545753028,0.000965855500950019
1662,572,80,-4,0,0.000545788879597303
1662,572,80,1.22,0,0.000331321397240701
1662,572,80,3.11333333333333,0.000904191356695437,0.0002080026458669
1662,572,80,Inf,0.10082833257967,0.000130672986586301
1662,572,80,Inf,0.999937545753028,8.05199830377999e-05
1662,572,80,-4,0,4.72832290771691e-05
1662,572,80,1.22,0,2.44954662843595e-05
1662,572,80,3.11333333333333,0.000904191356695437,8.24696453312953e-06
1662,572,80,Inf,0.10082833257967,-2.71933342437013e-06
1662,572,80,Inf,0.999937545753028,-1.09334275101099e-05
1662,572,80,-4,0,-1.669876540796e-05
1662,572,80,1.22,0,-2.09589395061359e-05
1662,572,80,3.11333333333333,0.000904191356695437,-2.3906617994251e-05
1662,572,80,Inf,0.10082833257967,-2.5951359988034e-05
1662,572,80,Inf,0.999937545753028,-2.7547876430966e-05
1662,572,80,-4,0,-2.8629789716726e-05
1662,572,80,1.22,0,-2.9411801710053e-05
1662,572,80,3.11333333333333,0.000904191356695437,-2.99709879153863e-05
1662,572,80,Inf,0.10082833257967,-3.03443236717894e-05
1662,572,80,Inf,0.999937545753028,-3.06279553239454e-05
1662,572,80,-4,0,0
1662,572,80,1.22,0,0
1662,572,80,3.11333333333333,0.000904191356695437,0
1662,572,80,Inf,0.10082833257967,0
1662,572,80,Inf,0.999937545753028,0
1662,572,80,-4,0,0
1662,572,80,1.22,0,0
1662,572,80,3.11333333333333,0.000904191356695437,0
1662,572,80,Inf,0.10082833257967,0
1662,572,80,Inf,0.999937545753028,0
1662,572,80,-4,0,0
1662,572,80,1.22,0,0
1662,572,80,3.11333333333333,0.000904191356695437,0
1662,572,80,Inf,0.10082833257967,0
1662,572,80,Inf,0.999937545753028,0
1662,572,80,-4,0,-3.07830051390345e-05
1662,572,80,1.22,0,-3.07830051390345e-05
1662,572,80,3.11333333333333,0.000904191356695437,-3.07830051390345e-05
1662,572,80,Inf,0.10082833257967,-5.8908646050071e-06
1662,572,80,Inf,0.999937545753028,0.000299749282864026
1662,572,80,-4,0,0.0012785008179611
1662,572,80,1.22,0,0.000919759738803011
1662,572,80,3.11333333333333,0.000904191356695437,0.000560777519202999
1662,572,80,Inf,0.10082833257967,0.000351125609204896
1662,572,80,Inf,0.999937545753028,0.000226194023444599
1662,572,80,-4,0,0.000144383386288902
1662,572,80,1.22,0,9.26151587292996e-05
1662,572,80,3.11333333333333,0.000904191356695437,5.64057817600602e-05
1662,572,80,Inf,0.10082833257967,3.03531328863498e-05
1662,572,80,Inf,0.999937545753028,1.33992978872e-05
1662,572,80,-4,0,5.98330563480326e-07
1662,572,80,1.22,0,-8.46269127605017e-06
1662,572,80,3.11333333333333,0.000904191356695437,-1.48559047020399e-05
1662,572,80,Inf,0.10082833257967,-1.960389103854e-05
1662,572,80,Inf,0.999937545753028,-2.3080182801918e-05
1662,572,80,-4,0,-2.533615834306e-05
1662,572,80,1.22,0,-2.7104209767483e-05
1662,572,80,3.11333333333333,0.000904191356695437,-2.8374261753339e-05
1662,572,80,Inf,0.10082833257967,-2.9227884552984e-05
1662,572,80,Inf,0.999937545753028,-2.98400300393375e-05
1662,572,80,-4,0,-3.02743190345724e-05
1662,572,80,1.22,0,-3.05620693848577e-05
1662,572,80,3.11333333333333,0.000904191356695437,-3.07790403280203e-05
1662,572,80,Inf,0.10082833257967,0
1662,572,80,Inf,0.999937545753028,0
1662,572,80,-4,0,0
1662,572,80,1.22,0,0
1662,572,80,3.11333333333333,0.000904191356695437,0
1662,572,80,Inf,0.10082833257967,0
1662,572,80,Inf,0.999937545753028,0
1662,572,80,-4,0,0
1662,572,80,1.22,0,0
1662,572,80,3.11333333333333,0.000904191356695437,0
1662,572,80,Inf,0.10082833257967,0
1662,572,80,Inf,0.999937545753028,0
1662,572,80,-4,0,0
1662,572,80,1.22,0,-3.07830051390345e-05
1662,572,80,3.11333333333333,0.000904191356695437,-3.07830051390345e-05
1662,572,80,Inf,0.10082833257967,-3.07830051390345e-05
1662,572,80,Inf,0.999937545753028,-1.10634893289996e-05
1662,572,80,-4,0,0.000187030518617015
1662,572,80,1.22,0,0.000854836757392952
1662,572,80,3.11333333333333,0.000904191356695437,0.00128326328936101
1662,572,80,Inf,0.10082833257967,0.000909349227601997
1662,572,80,Inf,0.999937545753028,0.00058607982203901
1662,572,80,-4,0,0.000379913887833996
1662,572,80,1.22,0,0.000251913363555699
1662,572,80,3.11333333333333,0.000904191356695437,0.000164000261760798
1662,572,80,Inf,0.10082833257967,0.000107678420954001
1662,572,80,Inf,0.999937545753028,6.63755455528013e-05
1662,572,80,-4,0,3.89573178558407e-05
1662,572,80,1.22,0,1.91143844598205e-05
1662,572,80,3.11333333333333,0.000904191356695437,4.88690474585978e-06
1662,572,80,Inf,0.10082833257967,-5.73197044361016e-06
1662,572,80,Inf,0.999937545753028,-1.28087779005101e-05
1662,572,80,-4,0,-1.809105716105e-05
1662,572,80,1.22,0,-2.1977974644763e-05
1662,572,80,3.11333333333333,0.000904191356695437,-2.4656523370145e-05
1662,572,80,Inf,0.10082833257967,-2.6612173579978e-05
1662,572,80,Inf,0.999937545753028,-2.8022421644292e-05
1662,572,80,-4,0,-2.8973822228887e-05
1662,572,80,1.22,0,-2.96585389426757e-05
1662,572,80,3.11333333333333,0.000904191356695437,-3.01460539153584e-05
1662,572,80,Inf,0.10082833257967,-3.04894632218596e-05
1662,572,80,Inf,0.999937545753028,-3.07287944847076e-05
1662,572,80,-4,0,0
1662,572,80,1.22,0,0
1662,572,80,3.11333333333333,0.000904191356695437,0
1662,572,80,Inf,0.10082833257967,0
1662,572,80,Inf,0.999937545753028,0
1662,572,80,-4,0,0
1662,572,80,1.22,0,0
1662,572,80,3.11333333333333,0.000904191356695437,0
1662,572,80,Inf,0.10082833257967,0
1662,572,80,Inf,0.999937545753028,0
1662,572,80,-4,0,0
1662,572,80,1.22,0,0
1662,572,80,3.11333333333333,0.000904191356695437,-3.07830051390345e-05
1662,572,80,Inf,0.10082833257967,-3.07830051390345e-05
1662,572,80,Inf,0.999937545753028,-3.07830051390345e-05
1662,572,80,-4,0,-1.39723658519886e-05
1662,572,80,1.22,0,0.000134396902192968
1662,572,80,3.11333333333333,0.000904191356695437,0.000594597451828993
1662,572,80,Inf,0.10082833257967,0.001182308208455
1662,572,80,Inf,0.999937545753028,0.00124048935981103
1662,572,80,-4,0,0.00091456117644001
1662,572,80,1.22,0,0.000622109419841005
1662,572,80,3.11333333333333,0.000904191356695437,0.000418692833525303
1662,572,80,Inf,0.10082833257967,0.000282861961786
1662,572,80,Inf,0.999937545753028,0.000190741378001499
1662,572,80,-4,0,0.000126288973279699
1662,572,80,1.22,0,8.05199830377999e-05
1662,572,80,3.11333333333333,0.000904191356695437,4.98061751707489e-05
1662,572,80,Inf,0.10082833257967,2.63935814608998e-05
1662,572,80,Inf,0.999937545753028,1.03890537385904e-05
1662,572,80,-4,0,-1.64851228921011e-06
1662,572,80,1.22,0,-1.01374309252199e-05
1662,572,80,3.11333333333333,0.000904191356695437,-1.61060751260301e-05
1662,572,80,Inf,0.10082833257967,-2.05238831660969e-05
1662,572,80,Inf,0.999937545753028,-2.37476612889021e-05
1662,572,80,-4,0,-2.5951359988034e-05
1662,572,80,1.22,0,-2.7547876430966e-05
1662,572,80,3.11333333333333,0.000904191356695437,-2.8690294060308e-05
1662,572,80,Inf,0.10082833257967,-2.9455270881013e-05
1662,572,80,Inf,0.999937545753028,-3.00018840765323e-05
1662,572,80,-4,0,-3.03882984971389e-05
1662,572,80,1.22,0,-3.06733082874151e-05
1662,572,80,3.11333333333333,0.000904191356695437,0
1662,572,80,Inf,0.10082833257967,0
1662,572,80,Inf,0.999937545753028,0
1662,572,80,-4,0,0
1662,572,80,1.22,0,0
1662,572,80,3.11333333333333,0.000904191356695437,0
1662,572,80,Inf,0.10082833257967,0
1662,572,80,Inf,0.999937545753028,0
1662,572,80,-4,0,0
1662,572,80,1.22,0,0
1662,572,80,3.11333333333333,0.000904191356695437,0
1662,572,80,Inf,0.10082833257967,-3.07830051390345e-05
1662,572,80,Inf,0.999937545753028,-3.07830051390345e-05
1662,572,80,-4,0,-3.07830051390345e-05
1662,572,80,1.22,0,-1.62063237489907e-05
1662,572,80,3.11333333333333,0.000904191356695437,0.000105073214015983
1662,572,80,Inf,0.10082833257967,0.000457821729876073
1662,572,80,Inf,0.999937545753028,0.000964172957251042
1662,572,80,-4,0,0.0012828154642931
1662,572,80,1.22,0,0.00120332500311199
1662,572,80,3.11333333333333,0.000904191356695437,0.000930114555298983
1662,572,80,Inf,0.10082833257967,0.000664011699375994
1662,572,80,Inf,0.999937545753028,0.000463989721895194
1662,572,80,-4,0,0.000323579565732202
1662,572,80,1.22,0,0.000220026169537195
1662,572,80,3.11333333333333,0.000904191356695437,0.000149142697446099
1662,572,80,Inf,0.10082833257967,9.81053845680001e-05
1662,572,80,Inf,0.999937545753028,6.1995801878701e-05
1662,572,80,-4,0,3.56204818615907e-05
1662,572,80,1.22,0,1.74214504066799e-05
1662,572,80,3.11333333333333,0.000904191356695437,3.61353466866001e-06
1662,572,80,Inf,0.10082833257967,-6.67242733302974e-06
1662,572,80,Inf,0.999937545753028,-1.351497312085e-05
1662,572,80,-4,0,-1.886813331427e-05
1662,572,80,1.22,0,-2.25448188397441e-05
1662,572,80,3.11333333333333,0.000904191356695437,-2.5072353990742e-05
1662,572,80,Inf,0.10082833257967,-2.6913450186092e-05
1662,572,80,Inf,0.999937545753028,-2.8238016963829e-05
1662,572,80,-4,0,-2.9179291998857e-05
1662,572,80,1.22,0,-2.98400300393375e-05
1662,572,80,3.11333333333333,0.000904191356695437,-3.02743190345724e-05
1662,572,80,Inf,0.10082833257967,-3.05958152483003e-05
1662,572,80,Inf,0.999937545753028,0
1662,572,80,-4,0,0
1662,572,80,1.22,0,0
1662,572,80,3.11333333333333,0.000904191356695437,0
1662,572,80,Inf,0.10082833257967,0
1662,572,80,Inf,0.999937545753028,0
1662,572,80,-4,0,0
1662,572,80,1.22,0,0
1662,572,80,3.11333333333333,0.000904191356695437,0
1662,572,80,Inf,0.10082833257967,0
1662,572,80,Inf,0.999937545753028,-3.07830051390345e-05
1662,572,80,-4,0,-3.07830051390345e-05
1662,572,80,1.22,0,-3.07830051390345e-05
1662,572,80,3.11333333333333,0.000904191356695437,-1.76407764029829e-05
1662,572,80,Inf,0.10082833257967,8.50115728719958e-05
1662,572,80,Inf,0.999937545753028,0.000374336179820967
1662,572,80,-4,0,0.000801322372835034
1662,572,80,1.22,0,0.00117172939861898
1662,572,80,3.11333333333333,0.000904191356695437,0.00129814712920101
1662,572,80,Inf,0.10082833257967,0.001176479298102
1662,572,80,Inf,0.999937545753028,0.000940409369224987
1662,572,80,-4,0,0.000706500002577021
1662,572,80,1.22,0,0.000511429815836406
1662,572,80,3.11333333333333,0.000904191356695437,0.000363313213376501
1662,572,80,Inf,0.10082833257967,0.000258606250957603
1662,572,80,Inf,0.999937545753028,0.0001770575524455
1662,572,80,-4,0,0.000119884152463098
1662,572,80,1.22,0,7.88717776507991e-05
1662,572,80,3.11333333333333,0.000904191356695437,4.85364998455001e-05
1662,572,80,Inf,0.10082833257967,2.54378357788998e-05
1662,572,80,Inf,0.999937545753028,9.66422756963972e-06
1662,572,80,-4,0,-2.18821311245019e-06
1662,572,80,1.22,0,-1.05387975222701e-05
1662,572,80,3.11333333333333,0.000904191356695437,-1.64050531497699e-05
1662,572,80,Inf,0.10082833257967,-2.09589395061359e-05
1662,572,80,Inf,0.999937545753028,-2.40625149189101e-05
1662,572,80,-4,0,-2.6180629605389e-05
1662,572,80,1.22,0,-2.7712767762873e-05
1662,572,80,3.11333333333333,0.000904191356695437,-2.8864111262821e-05
1662,572,80,Inf,0.10082833257967,-2.96196994158184e-05
1662,572,80,Inf,0.999937545753028,-3.01185468784647e-05
1662,572,80,-4,0,-3.04894632218596e-05
1662,572,80,1.22,0,-3.07287944847076e-05
1662,572,80,3.11333333333333,0.000904191356695437,0
1662,572,80,Inf,0.10082833257967,0
1662,572,80,Inf,0.999937545753028,0
1662,572,80,-4,0,0
1662,572,80,1.22,0,0
1662,572,80,3.11333333333333,0.000904191356695437,0
1662,572,80,Inf,0.10082833257967,0
1662,572,80,Inf,0.999937545753028,0
1662,572,80,-4,0,-3.07830051390345e-05
1662,572,80,1.22,0,-3.07830051390345e-05
1662,572,80,3.11333333333333,0.000904191356695437,-3.07830051390345e-05
1662,572,80,Inf,0.10082833257967,-1.86990876099857e-05
1662,572,80,Inf,0.999937545753028,7.19529024429955e-05
1662,572,80,-4,0,0.000318475867771006
1662,572,80,1.22,0,0.000688738601675065
1662,572,80,3.11333333333333,0.000904191356695437,0.00105154323747303
1662,572,80,Inf,0.10082833257967,0.00126452782636199
1662,572,80,Inf,0.999937545753028,0.00128456869217097
1662,572,80,-4,0,0.00115070754390495
1662,572,80,1.22,0,0.000950639858372987
1662,572,80,3.11333333333333,0.000904191356695437,0.000738623332674993
1662,572,80,Inf,0.10082833257967,0.000555764625227995
1662,572,80,Inf,0.999937545753028,0.000409907964606701
1662,572,80,-4,0,0.000297301793187897
1662,572,80,1.22,0,0.000210969625777199
1662,572,80,3.11333333333333,0.000904191356695437,0.000146751088679099
1662,572,80,Inf,0.10082833257967,9.81053845680001e-05
1662,572,80,Inf,0.999937545753028,6.34376393987002e-05
1662,572,80,-4,0,3.67177697679407e-05
1662,572,80,1.22,0,1.74214504066799e-05
1662,572,80,3.11333333333333,0.000904191356695437,3.61353466866001e-06
1662,572,80,Inf,0.10082833257967,-6.20606115142022e-06
1662,572,80,Inf,0.999937545753028,-1.351497312085e-05
1662,572,80,-4,0,-1.886813331427e-05
1662,572,80,1.22,0,-2.25448188397441e-05
1662,572,80,3.11333333333333,0.000904191356695437,-2.520556687299e-05
1662,572,80,Inf,0.10082833257967,-2.7104209767483e-05
1662,572,80,Inf,0.999937545753028,-2.8374261753339e-05
1662,572,80,-4,0,-2.9321891943075e-05
1662,572,80,1.22,0,-2.99393698982756e-05
1662,572,80,3.11333333333333,0.000904191356695437,-3.03665728152673e-05
1662,572,80,Inf,0.10082833257967,-3.06434453693576e-05
1662,572,80,Inf,0.999937545753028,0
1662,572,80,-4,0,0
1662,572,80,1.22,0,0
1662,572,80,3.11333333333333,0.000904191356695437,0
1662,572,80,Inf,0.10082833257967,0
1662,572,80,Inf,0.999937545753028,0
1662,572,80,-4,0,0
1662,572,80,1.22,0,-3.07830051390345e-05
1662,572,80,3.11333333333333,0.000904191356695437,-3.07830051390345e-05
1662,572,80,Inf,0.10082833257967,-3.07830051390345e-05
1662,572,80,Inf,0.999937545753028,-1.96831734150527e-05
1662,572,80,-4,0,6.29550319068972e-05
1662,572,80,1.22,0,0.000281677640420974
1662,572,80,3.11333333333333,0.000904191356695437,0.000615196676516994
1662,572,80,Inf,0.10082833257967,0.000948939426576922
1662,572,80,Inf,0.999937545753028,0.00119579442439399
1662,572,80,-4,0,0.001296100482575
1662,572,80,1.22,0,0.00125908750409098
1662,572,80,3.11333333333333,0.000904191356695437,0.00112704621785298
1662,572,80,Inf,0.10082833257967,0.000950639858372987
1662,572,80,Inf,0.999937545753028,0.000765484369370018
1662,572,80,-4,0,0.000596305733096991
1662,572,80,1.22,0,0.000454752203154399
1662,572,80,3.11333333333333,0.000904191356695437,0.000335231000226997
1662,572,80,Inf,0.10082833257967,0.000245325860176206
1662,572,80,Inf,0.999937545753028,0.000174396309980198
1662,572,80,-4,0,0.000121996430310599
1662,572,80,1.22,0,8.05199830377999e-05
1662,572,80,3.11333333333333,0.000904191356695437,4.98061751707489e-05
1662,572,80,Inf,0.10082833257967,2.73628432713603e-05
1662,572,80,Inf,0.999937545753028,1.11248455755093e-05
1662,572,80,-4,0,-1.10011990000006e-06
1662,572,80,1.22,0,-9.72923304695022e-06
1662,572,80,3.11333333333333,0.000904191356695437,-1.61060751260301e-05
1662,572,80,Inf,0.10082833257967,-2.0743434942806e-05
1662,572,80,Inf,0.999937545753028,-2.3906617994251e-05
1662,572,80,-4,0,-2.6180629605389e-05
1662,572,80,1.22,0,-2.7792650145994e-05
1662,572,80,3.11333333333333,0.000904191356695437,-2.891956740502e-05
1662,572,80,Inf,0.10082833257967,-2.96585389426757e-05
1662,572,80,Inf,0.999937545753028,-3.01729252765996e-05
1662,572,80,-4,0,-3.05266442163877e-05
1662,572,80,1.22,0,-3.07669443130487e-05
1662,572,80,3.11333333333333,0.000904191356695437,0
1662,572,80,Inf,0.10082833257967,0
1662,572,80,Inf,0.999937545753028,0
1662,572,80,-4,0,0
1662,572,80,1.22,0,0
1662,572,80,3.11333333333333,0.000904191356695437,-3.07830051390345e-05
1662,572,80,Inf,0.10082833257967,-3.07830051390345e-05
1662,572,80,Inf,0.999937545753028,-3.07830051390345e-05
1662,572,80,-4,0,-2.01487920660215e-05
1662,572,80,1.22,0,5.73179861899087e-05
1662,572,80,3.11333333333333,0.000904191356695437,0.000257483447644979
1662,572,80,Inf,0.10082833257967,0.000559104730695981
1662,572,80,Inf,0.999937545753028,0.000876063799427063
1662,572,80,-4,0,0.00112569139933794
1662,572,80,1.22,0,0.00126835354527899
1662,572,80,3.11333333333333,0.000904191356695437,0.00129572691670998
1662,572,80,Inf,0.10082833257967,0.00122994508591601
1662,572,80,Inf,0.999937545753028,0.00110204388419299
1662,572,80,-4,0,0.00094553292501498
1662,572,80,1.22,0,0.000781615154782006
1662,572,80,3.11333333333333,0.000904191356695437,0.000627308299060991
1662,572,80,Inf,0.10082833257967,0.000492210582947489
1662,572,80,Inf,0.999937545753028,0.000375726486756503
1662,572,80,-4,0,0.000282861961786
1662,572,80,1.22,0,0.000205061510351899
1662,572,80,3.11333333333333,0.000904191356695437,0.000146751088679099
1662,572,80,Inf,0.10082833257967,0.000101870517515798
1662,572,80,Inf,0.999937545753028,6.63755455528013e-05
1662,572,80,-4,0,4.00998682379399e-05
1662,572,80,1.22,0,1.99794034260398e-05
1662,572,80,3.11333333333333,0.000904191356695437,5.53848614189001e-06
1662,572,80,Inf,0.10082833257967,-4.76019925009031e-06
1662,572,80,Inf,0.999937545753028,-1.28087779005101e-05
1662,572,80,-4,0,-1.835479286257e-05
1662,572,80,1.22,0,-2.21705172115359e-05
1662,572,80,3.11333333333333,0.000904191356695437,-2.5072353990742e-05
1662,572,80,Inf,0.10082833257967,-2.7009814713353e-05
1662,572,80,Inf,0.999937545753028,-2.8374261753339e-05
1662,572,80,-4,0,-2.9321891943075e-05
1662,572,80,1.22,0,-2.99393698982756e-05
1662,572,80,3.11333333333333,0.000904191356695437,-3.03882984971389e-05
1662,572,80,Inf,0.10082833257967,-3.06733082874151e-05
1662,572,80,Inf,0.999937545753028,0
1662,572,80,-4,0,0
1662,572,80,1.22,0,0
1662,572,80,3.11333333333333,0.000904191356695437,0
1662,572,80,Inf,0.10082833257967,-3.07830051390345e-05
1662,572,80,Inf,0.999937545753028,-3.07830051390345e-05
1662,572,80,-4,0,-3.07830051390345e-05
1662,572,80,1.22,0,-2.05975201299502e-05
1662,572,80,3.11333333333333,0.000904191356695437,5.19591564510646e-05
1662,572,80,Inf,0.10082833257967,0.000237773447995027
1662,572,80,Inf,0.999937545753028,0.000519529033722099
1662,572,80,-4,0,0.00081742406693297
1662,572,80,1.22,0,0.00106529684048895
1662,572,80,3.11333333333333,0.000904191356695437,0.00122902989865503
1662,572,80,Inf,0.10082833257967,0.001296100482575
1662,572,80,Inf,0.999937545753028,0.00127747284177804
1662,572,80,-4,0,0.00119688559732301
1662,572,80,1.22,0,0.00107580857050299
1662,572,80,3.11333333333333,0.000904191356695437,0.000930114555298983
1662,572,80,Inf,0.10082833257967,0.000786991602295006
1662,572,80,Inf,0.999937545753028,0.000648218774705001
1662,572,80,-4,0,0.000521155142565705
1662,572,80,1.22,0,0.000409907964606701
1662,572,80,3.11333333333333,0.000904191356695437,0.000315941328261599
1662,572,80,Inf,0.10082833257967,0.000235641885968703
1662,572,80,Inf,0.999937545753028,0.000174396309980198
1662,572,80,-4,0,0.0001241313292169
1662,572,80,1.22,0,8.38754371556005e-05
1662,572,80,3.11333333333333,0.000904191356695437,5.371510276545e-05
1662,572,80,Inf,0.10082833257967,3.13778691760297e-05
1662,572,80,Inf,0.999937545753028,1.41802389817996e-05
1662,572,80,-4,0,1.18261754287986e-06
1662,572,80,1.22,0,-8.46269127605017e-06
1662,572,80,3.11333333333333,0.000904191356695437,-1.51767483298499e-05
1662,572,80,Inf,0.10082833257967,-2.00723770144481e-05
1662,572,80,Inf,0.999937545753028,-2.3585592645566e-05
1662,572,80,-4,0,-2.5951359988034e-05
1662,572,80,1.22,0,-2.7712767762873e-05
1662,572,80,3.11333333333333,0.000904191356695437,-2.8864111262821e-05
1662,572,80,Inf,0.10082833257967,-2.96585389426757e-05
1662,572,80,Inf,0.999937545753028,-3.01729252765996e-05
1662,572,80,-4,0,-3.05445714246592e-05
1662,572,80,1.22,0,0
1662,572,80,3.11333333333333,0.000904191356695437,0
1662,572,80,Inf,0.10082833257967,0
1662,572,80,Inf,0.999937545753028,-3.07830051390345e-05
1662,572,80,-4,0,-3.07830051390345e-05
1662,572,80,1.22,0,-3.07830051390345e-05
1662,572,80,3.11333333333333,0.000904191356695437,-2.10298854590452e-05
1662,572,80,Inf,0.10082833257967,4.81169283139682e-05
1662,572,80,Inf,0.999937545753028,0.000225158798028979
1662,572,80,-4,0,0.000485874922309004
1662,572,80,1.22,0,0.000774445769215926
1662,572,80,3.11333333333333,0.000904191356695437,0.00101848447684194
1662,572,80,Inf,0.10082833257967,0.00119249046288505
1662,572,80,Inf,0.999937545753028,0.00128143401111902
1662,572,80,-4,0,0.00129572691670998
1662,572,80,1.22,0,0.00125021022160898
1662,572,80,3.11333333333333,0.000904191356695437,0.001162002699373
1662,572,80,Inf,0.10082833257967,0.00104379120666703
1662,572,80,Inf,0.999937545753028,0.00091456117644001
1662,572,80,-4,0,0.000781615154782006
1662,572,80,1.22,0,0.000653473244531008
1662,572,80,3.11333333333333,0.000904191356695437,0.0005358818402625
1662,572,80,Inf,0.10082833257967,0.000432044792954209
1662,572,80,Inf,0.999937545753028,0.0003431272231183
1662,572,80,-4,0,0.0002654046058451
1662,572,80,1.22,0,0.000199256538145301
1662,572,80,3.11333333333333,0.000904191356695437,0.000146751088679099
1662,572,80,Inf,0.10082833257967,0.000103784989590499
1662,572,80,Inf,0.999937545753028,6.93867406442988e-05
1662,572,80,-4,0,4.36203726731886e-05
1662,572,80,1.22,0,2.35663335918105e-05
1662,572,80,3.11333333333333,0.000904191356695437,8.24696453312953e-06
1662,572,80,Inf,0.10082833257967,-2.71933342437013e-06
1662,572,80,Inf,0.999937545753028,-1.132141464674e-05
1662,572,80,-4,0,-1.72707057444002e-05
1662,572,80,1.22,0,-2.1581808306309e-05
1662,572,80,3.11333333333333,0.000904191356695437,-2.4656523370145e-05
1662,572,80,Inf,0.10082833257967,-2.6714666799707e-05
1662,572,80,Inf,0.999937545753028,-2.8238016963829e-05
1662,572,80,-4,0,-2.9227884552984e-05
1662,572,80,1.22,0,-2.99070147015523e-05
1662,572,80,3.11333333333333,0.000904191356695437,-3.03665728152673e-05
1662,572,80,Inf,0.10082833257967,-3.06733082874151e-05
1662,572,80,Inf,0.999937545753028,0
1662,572,80,-4,0,-3.07830051390345e-05
1662,572,80,1.22,0,-3.07830051390345e-05
1662,572,80,3.11333333333333,0.000904191356695437,-3.07830051390345e-05
1662,572,80,Inf,0.10082833257967,-2.1240093524999e-05
1662,572,80,Inf,0.999937545753028,4.56374659839609e-05
1662,572,80,-4,0,0.000212961998323991
1662,572,80,1.22,0,0.00046244412567098
1662,572,80,3.11333333333333,0.000904191356695437,0.000736834795363905
1662,572,80,Inf,0.10082833257967,0.000979238976286934
1662,572,80,Inf,0.999937545753028,0.00115702804197493
1662,572,80,-4,0,0.00126253293864698
1662,572,80,1.22,0,0.00129828499749396
1662,572,80,3.11333333333333,0.000904191356695437,0.00127747284177804
1662,572,80,Inf,0.10082833257967,0.00121564010955599
1662,572,80,Inf,0.999937545753028,0.00112296941829199
1662,572,80,-4,0,0.001010428869683
1662,572,80,1.22,0,0.000893638413557024
1662,572,80,3.11333333333333,0.000904191356695437,0.000770861059838007
1662,572,80,Inf,0.10082833257967,0.000658737683783994
1662,572,80,Inf,0.999937545753028,0.000545788879597303
1662,572,80,-4,0,0.000450166169056299
1662,572,80,1.22,0,0.000363313213376501
1662,572,80,3.11333333333333,0.000904191356695437,0.000286432478168702
1662,572,80,Inf,0.10082833257967,0.000223097050554601
1662,572,80,Inf,0.999937545753028,0.000166562114783903
1662,572,80,-4,0,0.000121996430310599
1662,572,80,1.22,0,8.55829727169008e-05
1662,572,80,3.11333333333333,0.000904191356695437,5.777698249128e-05
1662,572,80,Inf,0.10082833257967,3.453799183494e-05
1662,572,80,Inf,0.999937545753028,1.74214504066799e-05
1662,572,80,-4,0,3.61353466866001e-06
1662,572,80,1.22,0,-6.20606115142022e-06
1662,572,80,3.11333333333333,0.000904191356695437,-1.351497312085e-05
1662,572,80,Inf,0.10082833257967,-1.886813331427e-05
1662,572,80,Inf,0.999937545753028,-2.2726694692696e-05
1662,572,80,-4,0,-2.5464173770438e-05
1662,572,80,1.22,0,-2.737593322107e-05
1662,572,80,3.11333333333333,0.000904191356695437,-2.8690294060308e-05
1662,572,80,Inf,0.10082833257967,-2.95393365015122e-05
1662,572,80,Inf,0.999937545753028,-3.01185468784647e-05
1662,572,80,-4,0,-3.05266442163877e-05
1662,572,80,1.22,0,-3.07830051390345e-05
1662,572,80,3.11333333333333,0.000904191356695437,-3.07830051390345e-05
1662,572,80,Inf,0.10082833257967,-3.07830051390345e-05
1662,572,80,Inf,0.999937545753028,-2.14464030269257e-05
1662,572,80,-4,0,4.32222489870071e-05
1662,572,80,1.22,0,0.000204086865723041
1662,572,80,3.11333333333333,0.000904191356695437,0.000444085843573028
1662,572,80,Inf,0.10082833257967,0.000710060590659922
1662,572,80,Inf,0.999937545753028,0.000948939426576922
1662,572,80,-4,0,0.00112974341368499
1662,572,80,1.22,0,0.00124216724884707
1662,572,80,3.11333333333333,0.000904191356695437,0.00129346810193898
1662,572,80,Inf,0.10082833257967,0.00129119354109297
1662,572,80,Inf,0.999937545753028,0.00124785833176505
1662,572,80,-4,0,0.00117292403955799
1662,572,80,1.22,0,0.00108026205327399
1662,572,80,3.11333333333333,0.000904191356695437,0.000975906200935017
1662,572,80,Inf,0.10082833257967,0.000867235730276
1662,572,80,Inf,0.999937545753028,0.00075473407066301
1662,572,80,-4,0,0.000648218774705001
1662,572,80,1.22,0,0.000550768311663494
1662,572,80,3.11333333333333,0.000904191356695437,0.0004593601221069
1662,572,80,Inf,0.10082833257967,0.000375726486756503
1662,572,80,Inf,0.999937545753028,0.0003009773954483
1662,572,80,-4,0,0.0002388436037448
1662,572,80,1.22,0,0.000185192004912401
1662,572,80,3.11333333333333,0.000904191356695437,0.0001397192630361
1662,572,80,Inf,0.10082833257967,0.000101870517515798
1662,572,80,Inf,0.999937545753028,7.09201885734992e-05
1662,572,80,-4,0,4.60462156362095e-05
1662,572,80,1.22,0,2.63935814608998e-05
1662,572,80,3.11333333333333,0.000904191356695437,1.11248455755093e-05
1662,572,80,Inf,0.10082833257967,-5.42923998599933e-07
1662,572,80,Inf,0.999937545753028,-9.31410830023018e-06
1662,572,80,-4,0,-1.580175196363e-05
1662,572,80,1.22,0,-2.05238831660969e-05
1662,572,80,3.11333333333333,0.000904191356695437,-2.3906617994251e-05
1662,572,80,Inf,0.10082833257967,-2.6291829657055e-05
1662,572,80,Inf,0.999937545753028,-2.7947446252172e-05
1662,572,80,-4,0,-2.9026899213776e-05
1662,572,80,1.22,0,-2.98053684794298e-05
1662,572,80,3.11333333333333,0.000904191356695437,-3.07830051390345e-05
1662,572,80,Inf,0.10082833257967,-3.07830051390345e-05
1662,572,80,Inf,0.999937545753028,-3.07830051390345e-05
1662,572,80,-4,0,-2.16488763480349e-05
1662,572,80,1.22,0,4.08701038030479e-05
1662,572,80,3.11333333333333,0.000904191356695437,0.00019829903704105
1662,572,80,Inf,0.10082833257967,0.000430551007870927
1662,572,80,Inf,0.999937545753028,0.000688738601675065
1662,572,80,-4,0,0.000923217743967975
1662,572,80,1.22,0,0.00110488481641702
1662,572,80,3.11333333333333,0.000904191356695437,0.00122342259043606
1662,572,80,Inf,0.10082833257967,0.00128540717056103
1662,572,80,Inf,0.999937545753028,0.00129720213129603
1662,572,80,-4,0,0.00126896979011898
1662,572,80,1.22,0,0.00120957756547602
1662,572,80,3.11333333333333,0.000904191356695437,0.00113108575773596
1662,572,80,Inf,0.10082833257967,0.00103910322419698
1662,572,80,Inf,0.999937545753028,0.000935269732420002
1662,572,80,-4,0,0.000835273731545988
1662,572,80,1.22,0,0.000733258853119007
1662,572,80,3.11333333333333,0.000904191356695437,0.000632519047470997
1662,572,80,Inf,0.10082833257967,0.000540826625311991
1662,572,80,Inf,0.999937545753028,0.0004593601221069
1662,572,80,-4,0,0.000379913887833996
1662,572,80,1.22,0,0.000312161202392802
1662,572,80,3.11333333333333,0.000904191356695437,0.000251913363555699
1662,572,80,Inf,0.10082833257967,0.000199256538145301
1662,572,80,Inf,0.999937545753028,0.000153998061263899
1662,572,80,-4,0,0.000115726957156798
1662,572,80,1.22,0,8.21878216486008e-05
1662,572,80,3.11333333333333,0.000904191356695437,5.64057817600602e-05
1662,572,80,Inf,0.10082833257967,3.56204818615907e-05
1662,572,80,Inf,0.999937545753028,1.82617784826901e-05
1662,572,80,-4,0,5.53848614189001e-06
1662,572,80,1.22,0,-4.76019925009031e-06
1662,572,80,3.11333333333333,0.000904191356695437,-1.207783083296e-05
1662,572,80,Inf,0.10082833257967,-1.78225136656001e-05
1662,572,80,Inf,0.999937545753028,-2.1977974644763e-05
1662,572,80,-4,0,-2.49364736756451e-05
1662,572,80,1.22,0,-2.6913450186092e-05
1662,572,80,3.11333333333333,0.000904191356695437,-2.8374261753339e-05
1662,572,80,Inf,0.10082833257967,-3.07830051390345e-05
1662,572,80,Inf,0.999937545753028,-3.07830051390345e-05
1662,572,80,-4,0,-3.07830051390345e-05
1662,572,80,1.22,0,-2.18475750940472e-05
1662,572,80,3.11333333333333,0.000904191356695437,3.97173174560006e-05
1662,572,80,Inf,0.10082833257967,0.000192613769397942
1662,572,80,Inf,0.999937545753028,0.000421641937483064
1662,572,80,-4,0,0.00067282192423701
1662,572,80,1.22,0,0.000902380063899977
1662,572,80,3.11333333333333,0.000904191356695437,0.00108321347211904
1662,572,80,Inf,0.10082833257967,0.00120854858194208
1662,572,80,Inf,0.999937545753028,0.00127694946538603
1662,572,80,-4,0,0.00129858047785203
1662,572,80,1.22,0,0.00128048146137899
1662,572,80,3.11333333333333,0.000904191356695437,0.001232657185956
1662,572,80,Inf,0.10082833257967,0.00116568529051897
1662,572,80,Inf,0.999937545753028,0.00108468385471
1662,572,80,-4,0,0.000990831786390006
1662,572,80,1.22,0,0.000893638413557024
1662,572,80,3.11333333333333,0.000904191356695437,0.000797740881566006
1662,572,80,Inf,0.10082833257967,0.000706500002577021
1662,572,80,Inf,0.999937545753028,0.000616922776400006
1662,572,80,-4,0,0.00053095481107239
1662,572,80,1.22,0,0.000450166169056299
1662,572,80,3.11333333333333,0.000904191356695437,0.000379913887833996
1662,572,80,Inf,0.10082833257967,0.000315941328261599
1662,572,80,Inf,0.999937545753028,0.000258606250957603
1662,572,80,-4,0,0.0002080026458669
1662,572,80,1.22,0,0.000161463026774698
1662,572,80,3.11333333333333,0.000904191356695437,0.0001241313292169
1662,572,80,Inf,0.10082833257967,9.26151587292996e-05
1662,572,80,Inf,0.999937545753028,6.63755455528013e-05
1662,572,80,-4,0,4.36203726731886e-05
1662,572,80,1.22,0,2.63935814608998e-05
1662,572,80,3.11333333333333,0.000904191356695437,1.18717309773794e-05
1662,572,80,Inf,0.10082833257967,5.98330563480326e-07
1662,572,80,Inf,0.999937545753028,-8.02620324571015e-06
1662,572,80,-4,0,-1.48559047020399e-05
1662,572,80,1.22,0,-1.960389103854e-05
1662,572,80,3.11333333333333,0.000904191356695437,-2.32519073509959e-05
1662,572,80,Inf,0.10082833257967,-2.5712654754729e-05
1662,572,80,Inf,0.999937545753028,-3.07830051390345e-05
1662,572,80,-4,0,-3.07830051390345e-05
1662,572,80,1.22,0,-3.07830051390345e-05
1662,572,80,3.11333333333333,0.000904191356695437,-2.18475750940472e-05
1662,572,80,Inf,0.10082833257967,3.85798607849264e-05
1662,572,80,Inf,0.999937545753028,0.000189809427498022
1662,572,80,-4,0,0.000412825799642969
1662,572,80,1.22,0,0.000656981786556932
1662,572,80,3.11333333333333,0.000904191356695437,0.000886622470547938
1662,572,80,Inf,0.10082833257967,0.00106529684048895
1662,572,80,Inf,0.999937545753028,0.00119579442439399
1662,572,80,-4,0,0.00126835354527899
1662,572,80,1.22,0,0.00129779267614905
1662,572,80,3.11333333333333,0.000904191356695437,0.00128814080522199
1662,572,80,Inf,0.10082833257967,0.00125021022160898
1662,572,80,Inf,0.999937545753028,0.00119026260607902
1662,572,80,-4,0,0.00111470601479902
1662,572,80,1.22,0,0.00103438832346797
1662,572,80,3.11333333333333,0.000904191356695437,0.00094553292501498
1662,572,80,Inf,0.10082833257967,0.000851286503154997
1662,572,80,Inf,0.999937545753028,0.000760108549527988
1662,572,80,-4,0,0.000674586865790999
1662,572,80,1.22,0,0.000591185607924996
1662,572,80,3.11333333333333,0.000904191356695437,0.000511429815836406
1662,572,80,Inf,0.10082833257967,0.000441060547387004
1662,572,80,Inf,0.999937545753028,0.0003715638314047
1662,572,80,-4,0,0.000312161202392802
1662,572,80,1.22,0,0.000258606250957603
1662,572,80,3.11333333333333,0.000904191356695437,0.000210969625777199
1662,572,80,Inf,0.10082833257967,0.000169148679682998
1662,572,80,Inf,0.999937545753028,0.000130672986586301
1662,572,80,-4,0,9.99773612118983e-05
1662,572,80,1.22,0,7.24723986848998e-05
1662,572,80,3.11333333333333,0.000904191356695437,5.109240242363e-05
1662,572,80,Inf,0.10082833257967,3.24168290703796e-05
1662,572,80,Inf,0.999937545753028,1.74214504066799e-05
1662,572,80,-4,0,5.53848614189001e-06
1662,572,80,1.22,0,-4.26230838839999e-06
1662,572,80,3.11333333333333,0.000904191356695437,-1.132141464674e-05
1662,572,80,Inf,0.10082833257967,-1.698729039798e-05
1662,572,80,Inf,0.999937545753028,-2.1170461092914e-05
1662,572,80,-4,0,-3.07830051390345e-05
1662,572,80,1.22,0,-3.07830051390345e-05
1662,572,80,3.11333333333333,0.000904191356695437,-3.07830051390345e-05
1662,572,80,Inf,0.10082833257967,-2.20425600890861e-05
1662,572,80,Inf,0.999937545753028,3.74575883019812e-05
1662,572,80,-4,0,0.000184276968464903
1662,572,80,1.22,0,0.000404103889047991
1662,572,80,3.11333333333333,0.000904191356695437,0.000646469566929042
1662,572,80,Inf,0.10082833257967,0.000870769965297003
1662,572,80,Inf,0.999937545753028,0.00105154323747303
1662,572,80,-4,0,0.001182308208455
1662,572,80,1.22,0,0.00126253293864698
1662,572,80,3.11333333333333,0.000904191356695437,0.00129553034507801
1662,572,80,Inf,0.10082833257967,0.00129293832938099
1662,572,80,Inf,0.999937545753028,0.00126117280907095
1662,572,80,-4,0,0.00120957756547602
1662,572,80,1.22,0,0.00114297593979001
1662,572,80,3.11333333333333,0.000904191356695437,0.00106226326432401
1662,572,80,Inf,0.10082833257967,0.000980902001782996
1662,572,80,Inf,0.999937545753028,0.000893638413557024
1662,572,80,-4,0,0.000808482083490991
1662,572,80,1.22,0,0.000722541266718002
1662,572,80,3.11333333333333,0.000904191356695437,0.000642974663061
1662,572,80,Inf,0.10082833257967,0.000565806687703008
1662,572,80,Inf,0.999937545753028,0.000492210582947489
1662,572,80,-4,0,0.000423120364961102
1662,572,80,1.22,0,0.000363313213376501
1662,572,80,3.11333333333333,0.000904191356695437,0.000304679191058095
1662,572,80,Inf,0.10082833257967,0.000255246627764903
1662,572,80,Inf,0.999937545753028,0.0002080026458669
1662,572,80,-4,0,0.000169148679682998
1662,572,80,1.22,0,0.000135149435734699
1662,572,80,3.11333333333333,0.000904191356695437,0.000103784989590499
1662,572,80,Inf,0.10082833257967,7.72430613327994e-05
1662,572,80,Inf,0.999937545753028,5.64057817600602e-05
1662,572,80,-4,0,3.78300001227299e-05
1662,572,80,1.22,0,2.17472239401996e-05
1662,572,80,3.11333333333333,0.000904191356695437,9.66422756963972e-06
1662,572,80,Inf,0.10082833257967,-5.42923998599933e-07
1662,572,80,Inf,0.999937545753028,-8.46269127605017e-06
1662,572,80,-4,0,-1.45293896164701e-05
1662,572,80,1.22,0,-3.07830051390345e-05
1662,572,80,3.11333333333333,0.000904191356695437,-3.07830051390345e-05
1662,572,80,Inf,0.10082833257967,-3.07830051390345e-05
1662,572,80,Inf,0.999937545753028,-2.20425600890861e-05
1662,572,80,-4,0,3.74575883019812e-05
1662,572,80,1.22,0,0.000181548700324941
1662,572,80,3.11333333333333,0.000904191356695437,0.000399778653014993
1662,572,80,Inf,0.10082833257967,0.000641228993659926
1662,572,80,Inf,0.999937545753028,0.000860155922587924
1662,572,80,-4,0,0.00104223156876093
1662,572,80,1.22,0,0.00117529900434699
1662,572,80,3.11333333333333,0.000904191356695437,0.00125401270759706
1662,572,80,Inf,0.10082833257967,0.00129346810193898
1662,572,80,Inf,0.999937545753028,0.00129572691670998
1662,572,80,-4,0,0.001270781698271
1662,572,80,1.22,0,0.00122437090814703
1662,572,80,3.11333333333333,0.000904191356695437,0.001162002699373
1662,572,80,Inf,0.10082833257967,0.00108907345495096
1662,572,80,Inf,0.999937545753028,0.001010428869683
1662,572,80,-4,0,0.000924944377760001
1662,572,80,1.22,0,0.000845955285635025
1662,572,80,3.11333333333333,0.000904191356695437,0.000760108549527988
1662,572,80,Inf,0.10082833257967,0.000679887209114993
1662,572,80,Inf,0.999937545753028,0.000606587640526998
1662,572,80,-4,0,0.0005358818402625
1662,572,80,1.22,0,0.000468640793662101
1662,572,80,3.11333333333333,0.000904191356695437,0.000405550944514499
1662,572,80,Inf,0.10082833257967,0.000347113687347599
1662,572,80,Inf,0.999937545753028,0.000293652419373999
1662,572,80,-4,0,0.000248606446189903
1662,572,80,1.22,0,0.000205061510351899
1662,572,80,3.11333333333333,0.000904191356695437,0.000166562114783903
1662,572,80,Inf,0.10082833257967,0.000132899597227201
1662,572,80,Inf,0.999937545753028,0.000105720912646202
1662,572,80,-4,0,8.05199830377999e-05
1662,572,80,1.22,0,5.9165620986101e-05
1662,572,80,3.11333333333333,0.000904191356695437,4.00998682379399e-05
1662,572,80,Inf,0.10082833257967,2.54378357788998e-05
1662,572,80,Inf,0.999937545753028,1.26298386078803e-05
1662,572,80,-4,0,2.37908827158996e-06
1662,572,80,1.22,0,-5.73197044361016e-06
1662,572,80,3.11333333333333,0.000904191356695437,-3.07830051390345e-05
1662,572,80,Inf,0.10082833257967,-3.07830051390345e-05
1662,572,80,Inf,0.999937545753028,-3.07830051390345e-05
1662,572,80,-4,0,-2.20425600890861e-05
1662,572,80,1.22,0,3.63503548479471e-05
1662,572,80,3.11333333333333,0.000904191356695437,0.000181548700324941
1662,572,80,Inf,0.10082833257967,0.000395477425320978
1662,572,80,Inf,0.999937545753028,0.000630780834806943
1662,572,80,-4,0,0.000854836757392952
1662,572,80,1.22,0,0.00103281079970907
1662,572,80,3.11333333333333,0.000904191356695437,0.00116446240273194
1662,572,80,Inf,0.10082833257967,0.00124943210181094
1662,572,80,Inf,0.999937545753028,0.00129088011491096
1662,572,80,-4,0,0.00129720213129603
1662,572,80,1.22,0,0.00127588397700101
1662,572,80,3.11333333333333,0.000904191356695437,0.001232657185956
1662,572,80,Inf,0.10082833257967,0.001176479298102
1662,572,80,Inf,0.999937545753028,0.00110629952747998
1662,572,80,-4,0,0.00103438832346797
1662,572,80,1.22,0,0.00095572962726298
1662,572,80,3.11333333333333,0.000904191356695437,0.000872535599720004
1662,572,80,Inf,0.10082833257967,0.000792367006632988
1662,572,80,Inf,0.999937545753028,0.000717189054772999
1662,572,80,-4,0,0.000642974663061
1662,572,80,1.22,0,0.000570851820053009
1662,572,80,3.11333333333333,0.000904191356695437,0.000501780949166392
1662,572,80,Inf,0.10082833257967,0.000441060547387004
1662,572,80,Inf,0.999937545753028,0.000379913887833996
1662,572,80,-4,0,0.000327437563302696
1662,572,80,1.22,0,0.000279317775940202
1662,572,80,3.11333333333333,0.000904191356695437,0.000235641885968703
1662,572,80,Inf,0.10082833257967,0.000196392577559303
1662,572,80,Inf,0.999937545753028,0.000161463026774698
1662,572,80,-4,0,0.000130672986586301
1662,572,80,1.22,0,0.000103784989590499
1662,572,80,3.11333333333333,0.000904191356695437,8.05199830377999e-05
1662,572,80,Inf,0.10082833257967,5.9165620986101e-05
1662,572,80,Inf,0.999937545753028,4.24312496160005e-05
1662,572,80,-4,0,2.73628432713603e-05
1662,572,80,1.22,0,1.49727927953097e-05
1662,572,80,3.11333333333333,0.000904191356695437,4.88690474585978e-06
1662,572,80,Inf,0.10082833257967,-3.07830051390345e-05
1662,572,80,Inf,0.999937545753028,-3.07830051390345e-05
1662,572,80,-4,0,-3.07830051390345e-05
1662,572,80,1.22,0,-2.22338913820064e-05
1662,572,80,3.11333333333333,0.000904191356695437,3.63503548479471e-05
1662,572,80,Inf,0.10082833257967,0.000178845635099067
1662,572,80,Inf,0.999937545753028,0.000391200346791964
1662,572,80,-4,0,0.000625574001794971
1662,572,80,1.22,0,0.000844176732589075
1662,572,80,3.11333333333333,0.000904191356695437,0.00102806084310902
1662,572,80,Inf,0.10082833257967,0.00116076591477599
1662,572,80,Inf,0.999937545753028,0.00124464097990395
1662,572,80,-4,0,0.001288864213144
1662,572,80,1.22,0,0.00129814712920101
1662,572,80,3.11333333333333,0.000904191356695437,0.00128048146137899
1662,572,80,Inf,0.10082833257967,0.00124048935981103
1662,572,80,Inf,0.999937545753028,0.00118688330607497
1662,572,80,-4,0,0.00112296941829199
1662,572,80,1.22,0,0.001048451735367
1662,572,80,3.11333333333333,0.000904191356695437,0.000975906200935017
1662,572,80,Inf,0.10082833257967,0.000893638413557024
1662,572,80,Inf,0.999937545753028,0.000819211259909997
1662,572,80,-4,0,0.000743991000406008
1662,572,80,1.22,0,0.000669294893924005
1662,572,80,3.11333333333333,0.000904191356695437,0.000596305733096991
1662,572,80,Inf,0.10082833257967,0.00053095481107239
1662,572,80,Inf,0.999937545753028,0.000468640793662101
1662,572,80,-4,0,0.000409907964606701
1662,572,80,1.22,0,0.000359225467286603
1662,572,80,3.11333333333333,0.000904191356695437,0.000308407141019103
1662,572,80,Inf,0.10082833257967,0.0002654046058451
1662,572,80,Inf,0.999937545753028,0.000223097050554601
1662,572,80,-4,0,0.000187953999575
1662,572,80,1.22,0,0.000153998061263899
1662,572,80,3.11333333333333,0.000904191356695437,0.0001241313292169
1662,572,80,Inf,0.10082833257967,9.99773612118983e-05
1662,572,80,Inf,0.999937545753028,7.72430613327994e-05
1662,572,80,-4,0,5.777698249128e-05
1662,572,80,1.22,0,4.12577968608302e-05
1662,572,80,3.11333333333333,0.000904191356695437,2.73628432713603e-05
1662,572,80,Inf,0.10082833257967,1.57770909572103e-05
1662,572,80,Inf,0.999937545753028,-3.07830051390345e-05
1662,572,80,-4,0,-3.07830051390345e-05
1662,572,80,1.22,0,-3.07830051390345e-05
1662,572,80,3.11333333333333,0.000904191356695437,-2.22338913820064e-05
1662,572,80,Inf,0.10082833257967,3.52580156119942e-05
1662,572,80,Inf,0.999937545753028,0.000178845635099067
1662,572,80,-4,0,0.000386947553634998
1662,572,80,1.22,0,0.000620379160673035
1662,572,80,3.11333333333333,0.000904191356695437,0.000838836903872098
1662,572,80,Inf,0.10082833257967,0.00101848447684194
1662,572,80,Inf,0.999937545753028,0.00115324924583293
1662,572,80,-4,0,0.00123964182962
1662,572,80,1.22,0,0.00128661708062094
1662,572,80,3.11333333333333,0.000904191356695437,0.00129848197712795
1662,572,80,Inf,0.10082833257967,0.00128326328936101
1662,572,80,Inf,0.999937545753028,0.00124785833176505
1662,572,80,-4,0,0.00119688559732301
1662,572,80,1.22,0,0.00113508754830399
1662,572,80,3.11333333333333,0.000904191356695437,0.00106226326432401
1662,572,80,Inf,0.10082833257967,0.000990831786390006
1662,572,80,Inf,0.999937545753028,0.00091456117644001
1662,572,80,-4,0,0.000840617524153015
1662,572,80,1.22,0,0.000765484369370018
1662,572,80,3.11333333333333,0.000904191356695437,0.000690511365868007
1662,572,80,Inf,0.10082833257967,0.000622109419841005
1662,572,80,Inf,0.999937545753028,0.000555764625227995
1662,572,80,-4,0,0.000492210582947489
1662,572,80,1.22,0,0.000436541343774896
1662,572,80,3.11333333333333,0.000904191356695437,0.000384125915141795
1662,572,80,Inf,0.10082833257967,0.000331321397240701
1662,572,80,Inf,0.999937545753028,0.000286432478168702
1662,572,80,-4,0,0.000245325860176206
1662,572,80,1.22,0,0.0002080026458669
1662,572,80,3.11333333333333,0.000904191356695437,0.000174396309980198
1662,572,80,Inf,0.10082833257967,0.000144383386288902
1662,572,80,Inf,0.999937545753028,0.000117794370288898
1662,572,80,-4,0,9.4424421527e-05
1662,572,80,1.22,0,7.40435170654003e-05
1662,572,80,3.11333333333333,0.000904191356695437,5.50518710890104e-05
1662,572,80,Inf,0.10082833257967,4.00998682379399e-05
1662,572,80,Inf,0.999937545753028,2.63935814608998e-05
1662,572,80,-4,0,-3.07830051390345e-05
1662,572,80,1.22,0,-3.07830051390345e-05
1662,572,80,3.11333333333333,0.000904191356695437,-3.07830051390345e-05
1662,572,80,Inf,0.10082833257967,-2.22338913820064e-05
1662,572,80,Inf,0.999937545753028,3.52580156119942e-05
1662,572,80,-4,0,0.000176167691357976
1662,572,80,1.22,0,0.000386947553634998
1662,572,80,3.11333333333333,0.000904191356695437,0.000620379160673035
1662,572,80,Inf,0.10082833257967,0.000833491214459969
1662,572,80,Inf,0.999937545753028,0.00101365914654594
1662,572,80,-4,0,0.00114942999184198
1662,572,80,1.22,0,0.00123706504898902
1662,572,80,3.11333333333333,0.000904191356695437,0.00128413990918796
1662,572,80,Inf,0.10082833257967,0.00129856077712898
1662,572,80,Inf,0.999937545753028,0.00128581685469803
1662,572,80,-4,0,0.001252509379644
1662,572,80,1.22,0,0.00120332500311199
1662,572,80,3.11333333333333,0.000904191356695437,0.00114297593979001
1662,572,80,Inf,0.10082833257967,0.00107580857050299
1662,572,80,Inf,0.999937545753028,0.00100556376726602
1662,572,80,-4,0,0.000930114555298983
1662,572,80,1.22,0,0.000856610661626012
1662,572,80,3.11333333333333,0.000904191356695437,0.000781615154782006
1662,572,80,Inf,0.10082833257967,0.000711841820714987
1662,572,80,Inf,0.999937545753028,0.000642974663061
1662,572,80,-4,0,0.000575912600810996
1662,572,80,1.22,0,0.000516283052260799
1662,572,80,3.11333333333333,0.000904191356695437,0.000454752203154399
1662,572,80,Inf,0.10082833257967,0.000401217737785495
1662,572,80,Inf,0.999937545753028,0.000351125609204896
1662,572,80,-4,0,0.000308407141019103
1662,572,80,1.22,0,0.0002654046058451
1662,572,80,3.11333333333333,0.000904191356695437,0.000226194023444599
1662,572,80,Inf,0.10082833257967,0.000193554213666201
1662,572,80,Inf,0.999937545753028,0.000161463026774698
1662,572,80,-4,0,0.000132899597227201
1662,572,80,1.22,0,0.000109657647807997
1662,572,80,3.11333333333333,0.000904191356695437,8.73105709401998e-05
1662,572,80,Inf,0.10082833257967,6.78719085183011e-05
1662,572,80,Inf,0.999937545753028,5.109240242363e-05
1662,572,80,-4,0,3.67177697679407e-05
